GlobalIdx,ClayIdx,OrganicIdx
0.1315517342190716,0.9471626263936285,0.38189982569688663
-0.062126799577733864,0.3258332991000635,1.3464123626534648
0.12167882789523171,0.32336720249297035,0.18554297538299905
0.12151057508049398,0.14444560877472765,-0.2898618942130154
0.21923121597157308,0.2710715299126842,0.07158076131205689
-0.11901658933116283,0.36063890220143197,0.1783245849473294
0.6032859835124271,0.15877966812105995,-1.2309575477130055
-0.2544791311825544,0.31525932119339295,0.1268452963316961
0.035173001661017556,-0.7330862874663667,-0.7066351488977274
-1.099760653260541,0.7777071488243607,1.027568328054511
-0.06767369146522695,0.3966347921596229,0.6029087533092203
0.36391050418496407,0.17684272003315873,-0.013760353155863695
0.3609606858240924,0.4396465493548373,0.10794736624159328
-0.7835101180587974,-1.8746840758944243,2.0219857197241846
-0.34537722744464017,0.613607160646926,0.5519027704699963
-0.18938676702653573,0.21939502523028442,0.12271190857793057
0.16614906315599015,0.6507191312476387,0.5521735671142366
-0.5567643096729586,0.8350502039236606,0.07476621676407887
-0.7751396890221607,0.7309445844855972,0.04001675000017705
-0.9313774699003239,0.903542885270868,-1.8480511113520874
0.43648648340965945,0.2746339521713565,0.030031835155042003
-1.3223210984081784,0.46213697015450306,1.356034440048391
-0.14826278308747715,0.23412665594320736,-0.6184370956398092
0.4290238142093821,0.24608699735368178,-0.6960184294234569
-0.1909267207602766,0.3733208442388223,0.07479250581874132
-0.7282758498178095,0.2641848583012479,-0.42839743841438166
-0.38636657531016866,0.09263966465086464,0.7219757715449907
-0.2595146639985585,1.1241667046478523,-2.0294880835628217
0.3868944049593522,0.9489721404520174,-1.504040588515365
-0.004571425545260688,0.3131411784755441,-0.4146626960777227
0.19627001968974236,-0.7632528612664061,-0.6742907993191564
0.6546661284709181,0.653941611168289,-0.6039780931765965
1.0491475237243681,0.41201132854933054,-0.707158313445812
-0.4754701334889088,0.5369144225968291,0.054131765175695255
0.4533458081273242,0.4399472286429367,-1.1773253092074576
0.22219305783785426,0.5360932769855641,0.580533723810317
-0.2538032591575571,-0.7720864111134659,0.6295796562965826
1.0203696997691443,0.13991529538218053,0.01847814137344724
-0.16699206816337694,0.28106073092993517,-0.5619594995141973
0.01092501046033903,0.6132464281063889,0.5967798542244211
-0.07776853466930037,0.6822019618152954,-0.08907945582403576
0.28027353839330216,0.6518006721304325,0.5661431113179315
0.172638543898339,0.36332092027797663,0.06134020347988045
0.18768009776639655,0.9454326412282611,-1.830588581859338
0.1785388777377796,0.356096656738165,-0.3207830000479456
0.39910661029504596,0.4669304510286579,0.6318170954154467
-0.05855076977104168,0.7565522850655602,0.5036788801268658
0.1268803779289311,0.48058868762880635,0.5092353095152072
0.43707552201045174,0.7841707775344201,-0.5068155281895893
0.23066938544018717,0.748374008911301,-0.44388444706191277
-0.12503887636107122,1.0508822460183944,0.7499257463055183
0.1319001068296394,0.5034824391305808,1.7631073266816104
0.4221679517677136,0.41873260305109467,0.3610484599771075
0.42864914623561107,0.1065555155213231,-0.08074647812534953
0.5401277970029355,0.35597724107600426,0.2681303295644868
-0.3048959778353214,0.33259619139550767,0.39606856834437937
1.8778897359643323,0.14398553958154947,-1.157113796371232
-0.24285173981230346,0.36222439870624185,0.3605148526836823
-0.009550141100147819,-0.9918676986819214,-0.3748299308822313
-0.6893727478292341,0.6986295956450482,1.640513473763395
-0.2081523038030474,0.8326899623245873,0.7377575405268196
-0.8515605272898167,0.11967684786461517,0.30586735746013666
-0.06597389913358132,0.38371889911897156,0.3681659873982261
0.6223900954065368,-1.4681661459911213,2.299889215795055
0.22803203256581583,0.7875282146624838,0.775109080273065
-0.09982463781458156,0.3828265531170514,0.3431208397595542
-0.5175020237059997,0.7774601722224294,0.6971807407272794
1.0963289663034983,0.7756474479992422,0.33504555404201275
0.132777876997641,0.7582177544190962,0.33130717722743275
-0.9587249807587813,0.778115569324313,-1.7327554564566594
-0.35719641888127684,0.3172284222873461,0.3083308128351472
0.24702030344728607,0.2021061243420236,1.5462985904371571
0.6310457329441961,0.49492229531415965,-0.2809425820719158
0.4240494931625446,0.35242819804070397,-0.3080143628625118
-0.5940685167494951,0.774771108872069,0.2155587824751327
-0.2750108023256851,0.37303512806994643,-0.34809890393257664
-0.3383370038217318,0.47090788577651166,0.7237051170230698
-0.40295599798450776,1.0742464023129303,-1.9473573970834135
0.9371023323334969,0.9981160130891125,-1.5144458587717267
1.0430763826203315,-0.07417616900635556,0.3028122876155269
0.5313945719662378,-0.9636757063233352,-0.4485963678817911
1.1551041657598988,0.730345937404596,-0.48153293476839165
-0.21353661254195316,0.44497248368684517,-0.2563348274051757
-0.04463981369401729,0.8167894445908989,0.3018737350240541
-0.14311034851626347,0.31646100482395517,-1.1157414780838997
0.1336881121230108,0.4606854211211735,0.6769081658054713
-0.46992239836202787,-0.9032230157206182,0.7784439365046222
0.45088347440241316,0.06152125740848676,0.23671653768392845
-0.8378723455944608,0.6034286150065801,-0.09649130848022001
-0.4341827439095095,0.7768863043829772,0.7365961797930515
0.4815379873853783,0.8835933440409178,0.15519540872991971
-0.29794740568892714,0.5401461955355445,0.7010010920036457
1.1422274601574582,0.3653378575736368,0.31010959966490387
0.08199284906881427,0.8425613822336858,-1.8023819741720575
0.2774831128555071,0.257941492562165,-0.0917107086934756
0.39082090411009623,0.5084517777372916,0.834193868206962
-0.05563126912024424,0.8187671102411246,0.751752883011978
-0.4050097917934484,0.8177090628596367,0.6595331423275853
0.8940854439708459,0.7331783565603874,-0.35193968947242843
0.3622738255850845,0.6158831823113312,-0.38665392210832955
-0.41332440613191945,0.6181676593316736,-0.26490090583590264
0.15028243465100716,0.0597727188870126,0.7420220372717429
-0.8130082473592289,-0.10610021466803599,0.08525418661321693
0.22580639286932447,-0.05086267887497009,-0.42108648666987997
-0.7579316660590748,-0.017858563814212098,-0.07048394860338593
0.03125200744134282,-0.00905806038633065,0.014288203642390232
0.9636550852472539,-0.045501300948697976,-1.2018375694729313
-0.12765654486206407,0.002317665135478856,0.014926228311501496
0.5060906617307875,-1.074694070566485,-0.6665497378778048
-0.1352053286652965,0.17841657086863563,0.8107534480095285
-0.719457072224783,0.21201006280006288,0.19180543604512765
0.2255089435953569,-0.17700974187151652,-0.5616521239099203
-0.32599806518902896,-0.03222866396649706,0.020285288126920542
-0.43747550491166365,-0.010066772028919665,0.422664599175922
-0.3227193826775598,0.15737431909348568,0.23286482929324473
-0.1953634778263531,-0.08668890531364794,-0.031015984175337945
-0.0782632018475708,0.1373227803695484,0.26667239901323636
0.9905924375710263,-0.1824839208781001,-0.6409389904730372
0.14686382102496126,0.10720575354556942,-0.572939845173351
-0.7138608502352437,0.6493194030179085,-1.631786534816788
-0.33898661298311716,-0.2764166957646991,-0.6139245874815745
0.24992525597298815,0.1137068229250308,0.8239070721904719
1.0231111547818743,-0.6184432103596175,-0.5967971242121226
0.8090015550688268,-0.5114646776792436,-0.6218674700849097
-0.5012950512343387,-0.06601102682756974,-0.35169456160841345
-0.07524065670074052,-0.23164981332234458,-0.5431420116597941
1.0940329315286614,0.17353137053982684,0.21324750637931764
0.30370306377710926,0.8445868293442098,-1.8289516462366524
1.0078732811102604,0.44703100430068715,-1.3675751100337514
0.962110514349714,-0.43075874167570705,-0.438772633735878
-0.1358806041462792,-1.0132590694768533,-0.6925970467685678
0.41955634078961024,0.38822256594248045,-0.6813369063897531
0.8807055556031629,-0.704587463831925,-0.6481958612844266
0.3276512500329786,0.03178258727963509,-0.5032431911649936
0.04194443201001355,0.18355901719651202,-1.1761308044475365
1.0620624911374212,0.08586220929680384,0.22100015279915952
-1.4518541091756583,-0.9824919912901747,0.2646731830952423
1.0578653908534719,0.049898587862867216,-0.4480471852023867
-0.20831345375004906,-0.6322673055154604,-0.46343661537069947
-0.8253221487624967,0.29253834099913917,0.17474460535644967
0.5951057768845899,-0.42682976050379207,-0.31398465354030264
-0.4720482148360089,0.1004000627093334,0.22568954042506606
-0.13867902254130762,-0.13321445371149537,-0.4996471661812712
0.1260839357824947,0.720014613391998,-1.6959769607882398
0.6404008144263529,-0.4959299838607631,-0.4134347401425762
-0.5413926027214756,0.16537158078738248,0.2661859392627947
-0.06337395398916683,0.15609725693428347,0.1422334378348337
0.30925712273063494,0.1699390090257387,0.26482112418510123
-0.2437997870019225,0.17381467112676244,-0.6049319442017418
0.3050590395103074,0.18488500184672685,-0.6414575178024314
-0.05710175513784754,-0.10234554596851637,0.5544742031150519
-1.0161140550966752,-0.47204436062203703,1.7077743910225582
-0.8680907962902003,-0.4381547541033781,0.8173338453286222
0.2084042007625167,-0.2029195284416289,0.5703740124767084
-0.6625149049898199,-1.1819401893839199,0.6843816632583682
0.0881134326426338,-1.3984333842408831,0.7422742065776861
0.7645359260619189,0.6975251221627045,-0.9923965186742724
0.2106094956045288,-1.0019389047415042,0.7305033781709863
-0.4512039342890718,-2.112402896679892,0.08452699578486926
0.3943442872139632,-1.2305348273333074,1.778949805713177
0.702343196536927,-0.7057202336482727,1.2089988314225373
-0.6221787020134154,-1.6478314592768684,0.2809643593526188
-0.863440281249551,-1.0685134319212648,0.7516591031416077
-0.5908597257945665,-2.0090293242559194,2.1107890795867785
-0.9123901343578424,0.004931646592309861,0.9357575643333402
-1.6847033556819058,-0.7097420848053041,0.7453932947238919
0.3260360615401673,0.16987499290574185,1.021108886198077
1.0387248679811691,-1.2164913612900732,0.07159006469165223
-0.17418822655228822,-0.8577403954459605,0.10729844245849564
-1.46549283877118,0.6201304648393371,-1.4393828170911294
0.8574876481676907,-0.4613113259341321,0.3787485325172912
-1.3642442589011914,0.18001360449935375,1.7975981155608125
0.35069600963157715,-0.9445828997705634,0.482902483771441
0.01108357427743735,-0.5424504738643999,0.12963347382824456
-0.42350469981145705,-0.24764657815065996,0.6595662002672666
-0.7573294544773532,-1.3605661411662684,0.32966089879004584
-0.9140877008899853,-0.25516752270969184,1.0578434220422916
-1.4206296846107749,1.3379484728770867,-1.8377511116822163
1.0630582527417802,0.08316677099792136,-0.8947631559078727
0.7653748685516191,-1.2297993481994705,0.6222364241268622
-0.6656427983963984,-2.0888195272744414,-0.02730197624083301
0.8201288971046831,-0.7430416658357287,0.04309154556668319
0.860543575886157,-1.0758096008608051,0.3030469167310179
0.7699020207074319,-1.5859988579231665,0.23250892609817306
-0.6993943858987791,1.0466319344061326,-1.0841474068122534
0.14358927861896226,-0.3467907047014797,1.1337528819574751
-1.8906819612985966,-1.3521459809161194,1.1258323542171371
-1.0587086305707165,-0.5486427821207552,0.4217159503883048
0.32404730188840225,-2.0408602523748036,0.5604235274552726
-0.5146880622345413,-0.27111076981387255,1.1248424271687287
0.274933644070149,-0.8608459186915834,0.6491373444435383
-0.4580383692846138,-0.10495879171256133,1.0907688197361807
0.09589575403345316,-0.263756412637715,0.2778461799388659
-0.5389122130497362,0.7639401129358395,-1.5501759181400823
0.7983066025254242,-0.3277653964040967,0.3217618459574542
-0.10012383423322685,-0.5933998237682153,1.1744716661393912
-1.2878195850298146,-0.48585494910571025,0.9184458042723108
-0.013130870051409081,-0.7569133870016745,1.1427175029346042
0.9688332630669726,-0.17151010611781395,-0.020840964202446032
-0.01889589578447698,-0.06500791868709221,0.10455122912180803
-1.104847680165661,0.6554242007810158,-0.19445372844782685
0.07746008936046098,0.31259126395615516,0.850817056708618
-0.5606487191612672,-0.41369011150059193,0.03087682469057995
0.46361621700350586,-0.3177648111585669,-0.2513449200567392
-1.1368647013143698,-0.5860354197914078,-0.013156285532906487
-0.8756313398871688,-0.42388249876684664,0.0905759583711812
0.45449003512110514,0.10256360191871232,-1.1896082160164194
-0.8689880585090768,-0.28094641858461483,0.017161992458664992
0.1972701575947217,-1.3047832961806944,-0.5839391090674039
0.16290947622908647,-0.3282080981804231,0.6983772624383344
-0.6069304401568829,0.3798573191999701,0.2325207367670649
0.886483817404562,-0.22569911096193554,-0.4889992185902721
-0.7643570533846022,-0.5034293109500889,0.04234822518316624
-0.6625251735715412,-1.505782543862223,0.10200595993116468
0.005890157908722826,-0.13453581278818047,0.2558182371380776
-0.037429311716229596,-0.20773320476714305,-0.001167016185817234
-0.8505955761101631,-0.08571505251596356,0.32516028896826993
0.27800589576847845,-0.08377110624219959,-0.48009481507523927
0.34823697362301437,-0.06131842876220128,-0.5059914053617514
-0.7968294236216678,0.7159395156756275,-1.6486084214476373
0.5356631958179672,0.11796820504427652,-0.5266698814621557
0.41828280399665657,-0.20654166669355797,0.9529819593877438
0.5355602721777657,-0.007645605256967262,-0.6527101327417026
0.8270244597253803,-0.37234300988877167,-0.5243421272587013
-0.0997347110243685,0.474767533508484,-0.21497258181170867
-0.7731850845011017,-0.11878955101202848,-0.5033606245438658
-0.607623985629247,-0.14021011765759805,0.3098099719952361
-0.11251002976658132,0.7673788585000176,-1.7111788399733268
0.6573317454328311,0.4602860663705301,-1.2195153325633645
-0.3784113866631039,-0.6014771084544827,-0.32632481210849945
-0.1310428809633162,-1.477812974119247,-0.5588245048147947
0.7431439006469058,0.2927605786226726,-0.5865297254746954
0.7250250122994888,-0.083815257244005,-0.6210884949214025
0.2688179291921341,-0.004245250226111885,-0.46590904532552013
-0.33298031747893087,0.20897423501861842,-1.1159521858456865
-0.236667499351345,0.2509104190898683,0.37102953456530247
-0.47323148721996766,-1.146277448865379,0.25918777208528193
-0.09506773098334473,0.2072622969143393,-0.39119924202810225
0.2001555528364179,-0.7845122099183292,-0.3171098758259948
-0.5299615373794172,-0.03647481972055785,0.3245731584314811
0.6441903753221094,-0.5696081643894481,-0.35517736315116827
0.24446125882630507,-0.08100854600282774,0.2421449169903296
0.6754023433183532,-0.10838661511246846,-0.433410121060757
0.16988425642222169,0.6799695084757689,-1.5878255080892465
0.16451251508687234,-0.5324281238158831,-0.2653443745673086
0.04226824150853782,-0.21023016097243233,0.2601812875414796
-0.6605242072974954,-0.06634909050251335,0.2951554783448202
0.04882611786367225,-0.09084403073436435,0.3290158559759519
0.669338461504632,0.08250948956048225,-0.44674251942119475
0.841492895292075,0.03242886284997115,-0.36545060984411754
