instrument,sample_id,spectral_energy,mean_power,spectral_entropy,spectral_slope,clay_area,clay_peak,clay_std,organic_area,organic_peak,organic_std
INST1,S1139,1675.0000000000005,0.999403341288783,7.012935218175292,-0.0006208476631358025,219.386006628126,1.550539113916491,0.2667267761848558,92.0467522353052,1.49674547556734,0.39096395482901214
INST1,S1239,1674.9999999999993,0.9994033412887824,7.024825196993747,-0.0006045475098742859,183.0058794682331,1.2570506905996226,0.1864590796437788,111.12078527115983,1.908797726026262,0.5419443050556967
INST1,S1444,1675.0000000000016,0.9994033412887837,6.987008421742341,-0.0006925831358126603,163.5576071293002,1.2156140044572128,0.22486991452121052,167.5693124155377,1.8803955794291178,0.16030465748819042
INST1,S1484,1674.9999999999989,0.9994033412887822,7.072775409923056,-0.0005494550605376151,113.37662925080383,1.0916519103160198,0.267606900566285,141.884896538937,1.5656093819092085,0.12928022317531465
INST1,S1498,1675.0000000000016,0.9994033412887837,7.005915994089477,-0.0006754997479426349,162.3444052791996,1.1907851109713814,0.21567264134785916,164.56620093531197,1.835066245932067,0.14317463958798257
INST1,S1603,1675.0000000000005,0.999403341288783,6.992325627950114,-0.0006864943376328336,163.0895091882236,1.2312296946216557,0.23387595061536598,167.20765570220408,1.886000633258737,0.15821337774719607
INST1,S1809,1674.9999999999998,0.9994033412887827,7.090659596631558,-0.0004787307974133111,215.75014546460693,1.1934865842330051,0.10291152231418217,79.2863531383554,0.9027995962125659,0.09298212844740712
INST1,S2136,1674.9999999999998,0.9994033412887827,6.996662379648444,-0.0006852026544267682,166.41341575442357,1.2178550689790044,0.21741963732896658,164.70624060433153,1.843908582545249,0.15561262900709716
INST1,S2580,1674.9999999999984,0.9994033412887818,7.011486043758721,-0.0004900119592347265,88.30304233106266,0.6361355009977377,0.13198037350804367,126.2628083062846,1.3810523682020077,0.07702075988295443
INST1,S2718,1674.999999999996,0.9994033412887804,6.942211982030749,-0.0006124146268520294,97.29604246748367,1.282418571792408,0.45526041808672396,183.2158947491784,2.273579060812609,0.2886730285153584
INST1,S2883,1675.0000000000007,0.9994033412887833,6.916861978081665,-0.0006345882656959619,90.65587564501004,1.1607336897223284,0.36643260769899605,194.60003362368192,2.187998015251985,0.17552090578521912
INST1,S2979,1675.0,0.9994033412887828,7.079737130952709,-0.0005645489301308728,137.61782492834007,1.092492365598018,0.24640234474693293,115.89226697715974,1.5471519874292088,0.24429513542108472
INST1,S3002,1675.0000000000023,0.9994033412887842,7.009560616173281,-0.0006882769277090653,182.85102672938297,1.290553879545706,0.21676270040905524,160.76101500656964,1.823838433911424,0.16027738661075272
INST1,S3042,1674.9999999999984,0.9994033412887818,6.757666288186658,-0.0005592983083750284,-181.0363197335009,-0.15954117462733877,0.33793182272206707,255.77952944544325,3.0669457007281213,0.3024987440951559
INST1,S3093,1674.9999999999995,0.9994033412887825,6.933714415024236,-0.0006422329826328224,118.62146695877897,1.2820760496113468,0.36797619838514956,188.53105291969868,2.1369316286587754,0.18019851033999093
INST1,S3278,1675.0,0.9994033412887828,6.989907463033871,-0.0006749986395889827,144.75103661117143,1.1450315429864628,0.23534423194874302,169.65231631729156,1.8862791423408856,0.14010390053508562
INST1,S3397,1675.0000000000016,0.9994033412887837,6.9428428144393814,-0.0006436954014520312,126.41300964143956,1.3026791611214543,0.36425064798007883,186.18933324308534,2.1292600360984038,0.18523581637168285
INST1,S3491,1674.999999999997,0.999403341288781,7.076781962875989,-0.0006288638205443437,217.3695442671366,1.4865243371662866,0.24965801066141494,105.32979803393516,1.4993461019990966,0.2911437340313534
INST1,S3837,1674.9999999999961,0.9994033412887805,7.07022287584783,-0.0006225285964185461,198.3065217115452,1.4468780051496564,0.2505824822718789,106.75479172788489,1.4869589529687273,0.281898832962383
INST1,S3844,1674.9999999999968,0.9994033412887809,6.851804930994013,-0.0005595478289777326,198.34300636036582,1.5553030222179116,0.2778355391574899,36.284896159568746,0.44593440147063534,0.0757297989236986
INST1,S4504,1675.0000000000002,0.9994033412887829,7.101287377055874,-0.0005739443842313956,163.33264965189232,1.1598116475787452,0.22548007291842162,114.12867644597223,1.5478847286116988,0.2581487202868954
INST1,S4824,1674.999999999998,0.9994033412887816,6.763751388766056,-0.0007071516063312643,65.40944251662053,1.0931236707283285,0.445297745322598,232.31292058058753,2.621939613415499,0.2393184294702743
INST1,S4858,1674.9999999999968,0.9994033412887809,7.129963732868335,-0.0005208092626698754,168.08735817041273,1.219604343450047,0.18556049280725068,102.79127516740729,1.2905509783257245,0.15123799639129465
INST1,S4932,1674.9999999999989,0.9994033412887822,7.140420489245186,-0.0005018658307584345,173.22824503035,1.2380432609072,0.17707439311330125,96.6612134789377,1.2217157133135732,0.15197327514497155
INST1,S5257,1674.9999999999982,0.9994033412887817,7.028054993777755,-0.0005603515434551128,112.7143065313629,1.1958963288363496,0.3172826077407857,141.98290087774282,1.72640897122701,0.19716201246533702
INST1,S5268,1674.9999999999968,0.9994033412887809,7.059673238613891,-0.0006551831375470321,165.03732457199226,1.2386513225520295,0.19435686570857316,149.38620973793968,1.554540968246003,0.08365716317922545
INST1,S5411,1674.9999999999982,0.9994033412887817,6.907519913625358,-0.0005302189343165996,-20.94398087481712,0.8486185937449355,0.5067060959115434,204.37308949860537,2.2594329993391793,0.178984868712984
INST1,S5608,1674.9999999999993,0.9994033412887824,6.839223383662667,-0.0005243867879601991,205.66093416928362,1.5965212682730818,0.3339041155142668,20.438413970611965,0.296063323709755,0.07821952483798873
INST1,S5656,1674.9999999999989,0.9994033412887822,6.92718251554205,-0.00034956695178740154,74.02483353964473,1.2104616563225474,0.5707337668443874,56.86462275957887,0.6836430522771039,0.09343440000901677
INST1,S5682,1674.9999999999993,0.9994033412887824,6.935917727965158,-0.0005165559865292206,101.01003594887065,1.1330681317077484,0.3314385123864886,106.61042394013772,1.3772816858449444,0.1835274327478517
INST1,S5943,1674.9999999999993,0.9994033412887824,7.008380144945013,-0.0005074964332247728,95.8510138127032,0.6432191124685112,0.10879076726096187,126.66353816330762,1.3903635314565708,0.08315523189729404
INST1,S6021,1675.0000000000005,0.999403341288783,6.988386049214317,-0.00043117926634108467,76.80673116138922,1.1977484883608194,0.4653888284742412,109.31134180855554,1.27187984796801,0.1471362927685832
INST1,S6084,1675.0000000000018,0.9994033412887839,7.129346252547574,-0.0005246173087478984,183.05493549315398,1.311929976503698,0.19978864971669272,98.7500494882322,1.2350038170285496,0.1437409604373457
INST1,S6448,1674.9999999999973,0.9994033412887812,7.069450838444733,-0.0006129287937908087,180.626373948964,1.3381474150704997,0.23943471096228905,106.39658642808993,1.4826819835311482,0.2867065584938442
INST1,S6826,1675.0,0.9994033412887828,7.046061185080596,-0.0005091686304302148,216.1129211568908,1.3359286368607253,0.15778081837802158,76.05905517914182,0.8992481820074771,0.11235776553319303
INST1,S6865,1675.0000000000011,0.9994033412887835,6.918293834664047,-0.0005737524439673188,52.670000116073886,1.1250500915168264,0.4787219635326259,188.10459973039255,2.114917535071377,0.19148471217951052
INST1,S7164,1675.000000000002,0.999403341288784,6.648166982525871,-0.0005910397435882655,-50.38323745661013,0.4003758319501894,0.3792106600766804,230.52206110537017,2.4219250595457837,0.08843948590169473
INST1,S7591,1675.0000000000027,0.9994033412887845,7.073079938912431,-0.0005626150538329779,128.99368334606316,1.060993770885318,0.25477938553369545,117.1178968915486,1.5598968601482321,0.24854164685512042
INST1,S7750,1674.9999999999984,0.9994033412887818,6.948294230293104,-0.0005067214761952515,120.59638739934871,1.1476592179485174,0.28901480398437485,95.90389228134757,1.2754351497773244,0.1790361317550791
INST1,S7816,1675.000000000001,0.9994033412887834,6.934466981275012,-0.0006389481979407013,116.54705945059919,1.2820734405037713,0.3706323398453565,189.33923140441962,2.167968128534944,0.1855537547517889
INST1,S7851,1674.9999999999982,0.9994033412887817,7.051789645571986,-0.0005419386533107672,146.92346582582576,1.3634006281153157,0.32866765581348034,121.86989427634532,1.5748397083357664,0.21129470656993274
INST1,S7949,1675.0000000000016,0.9994033412887837,6.919383866083061,-0.0005882208812013022,76.58798529773074,1.1892529674206238,0.4676196735938964,185.6554875596965,2.086152367301653,0.19617834708732423
INST1,S7973,1674.999999999999,0.9994033412887823,7.094169927471545,-0.0005657220591522564,154.12630735612044,1.1797909030953506,0.26323968079659676,116.4155015374259,1.561989105780281,0.2602287671572674
INST1,S8162,1675.0000000000014,0.9994033412887836,6.861153379648345,-0.0005567913015913285,199.32355000484648,1.570525001182659,0.28667618937089345,36.97355471239051,0.4658223159134687,0.07602146004348975
INST1,S8624,1674.9999999999993,0.9994033412887824,7.086015231434866,-0.0005737267956034495,144.03349390425495,1.2087721405037346,0.26497609546527184,144.0126421209945,1.5671935066643337,0.11774558883833486
INST1,S8808,1675.0000000000018,0.9994033412887839,6.911860363723245,-0.0005672112290446641,37.99213452637761,1.077977526337968,0.488637607375417,194.48626362278836,2.1754250603167797,0.1849380826235956
INST1,S9010,1675.0000000000005,0.999403341288783,6.9591440306850165,-0.0006409440183529037,136.90208186540892,1.3730367618729744,0.36567901592382474,180.40333247025703,2.0825700247202485,0.18942657108420352
INST1,S9183,1675.0000000000014,0.9994033412887836,6.934154324218129,-0.0006334552191919494,103.09784039613504,1.2194874702595364,0.36109737533659586,189.50263237274515,2.123089075939062,0.1699044221122912
INST1,S9231,1674.9999999999995,0.9994033412887825,6.999123200480978,-0.0004380556343535224,102.57108067948326,1.2902369423606337,0.44800603721595084,107.75819344189786,1.3026909097227968,0.16961430797650048
INST1,S9830,1674.9999999999989,0.9994033412887822,6.997065020677267,-0.0004549147227653614,93.543619186179,1.2668703089092532,0.45474114582116576,114.05655790055462,1.3689778414468867,0.16527891139168085
INST2,S1139,1675.0000000000002,0.9994033412887829,6.964315072020598,-0.0006503698333180682,212.2734389217454,1.5830129658101426,0.3030826643643335,104.89544751834097,1.67530658571028,0.43628536099131376
INST2,S1239,1675.0000000000011,0.9994033412887835,6.964690911688555,-0.0006393174837695443,186.89311871755226,1.3410010687304916,0.21814179425316038,123.09798596131039,2.104085649168946,0.5984809362849022
INST2,S1444,1675.0000000000034,0.9994033412887848,6.947556906264305,-0.0007087470371743931,151.828864238377,1.2443825900341103,0.26560961081514145,179.16366204588002,2.006836427095652,0.16677396804889838
INST2,S1484,1675.0000000000002,0.9994033412887829,7.055315218637317,-0.0005407041008789167,86.5527212201012,1.041339149934093,0.3060570512303221,154.85355909056477,1.7127603092695554,0.1388945551794137
INST2,S1498,1675.0000000000036,0.9994033412887849,6.957227027209389,-0.0006940954859044603,138.0099262741143,1.2074380382813152,0.273443439457429,177.5563967603157,1.9730470047180624,0.1509594275094237
INST2,S1603,1675.0000000000005,0.999403341288783,6.938634694217059,-0.0007052918708380668,136.640997274316,1.189821418871378,0.2725146701572268,182.7125313073717,2.0412532821501155,0.16466452074846613
INST2,S1809,1675.0000000000055,0.999403341288786,7.087425646213345,-0.000504167757778794,218.98623790280328,1.2077948591502983,0.08871556046668766,89.12702774266243,0.9934215081472573,0.08196655675870541
INST2,S2136,1675.0000000000007,0.9994033412887833,6.942637367052982,-0.0007117720439508613,147.20734179458688,1.2152597602956792,0.2608454232532727,180.02546237392437,2.0169030026470947,0.16371217477033873
INST2,S2580,1674.9999999999993,0.9994033412887824,6.962437189247698,-0.0005388282008157203,67.9808656385077,0.5392752890053584,0.0974120566598434,153.32497748995283,1.6252232398349342,0.08011725268294538
INST2,S2718,1674.999999999998,0.9994033412887816,6.904763777753157,-0.0006105855191790699,46.430830775127085,1.1947873824424171,0.5231089286098851,214.9657208289422,2.636709817926009,0.3373690666752033
INST2,S2883,1675.0000000000005,0.999403341288783,6.913243734444178,-0.0006539797670001013,122.64541815821961,1.391921645081527,0.40607185010625374,191.14120239270454,2.2137574356588448,0.21141280541249577
INST2,S2979,1674.9999999999955,0.9994033412887801,7.038828069382726,-0.0005668512594296487,95.66532638900405,1.0228883499040544,0.304396644691342,135.65701788634172,1.7564994647797538,0.2614439589999691
INST2,S3002,1675.0000000000014,0.9994033412887836,6.949473727137688,-0.0007082606690479346,148.6536761647617,1.2268733758179127,0.26290529988075984,180.2943223431998,2.0178584253450573,0.1650694586717792
INST2,S3042,1675.0000000000048,0.9994033412887857,6.782349801261895,-0.0006271278134717367,-116.87145847346488,0.09553953552013322,0.31619932442016235,258.3932947085907,3.1218101855072082,0.36036457193062404
INST2,S3093,1675.0000000000025,0.9994033412887843,6.8985790348511085,-0.0006614801550542526,114.48187754171201,1.3597841574780838,0.41108507038648295,196.49588327511944,2.2490223945539625,0.2068308565782824
INST2,S3278,1675.0000000000011,0.9994033412887835,6.949902144177342,-0.0007033527896116443,141.03020134017828,1.21743996354393,0.27582124488709364,179.815244228458,2.0054744155039,0.16137799403688266
INST2,S3397,1674.9999999999989,0.9994033412887822,6.920114336810279,-0.0006389282318401715,113.13479831345849,1.3475904823114098,0.41316865554105453,191.63064989062315,2.196630762869465,0.2029299542196829
INST2,S3491,1675.000000000005,0.9994033412887858,7.017844483446513,-0.0006722495656276302,182.04570935262262,1.4444800196812109,0.2891818611292512,122.90866527559373,1.6743925011509384,0.3020036973820223
INST2,S3837,1675.0000000000014,0.9994033412887836,7.004594199542637,-0.0006863793768225339,188.40408457221014,1.455903262322264,0.2707692160354649,124.10733272846142,1.6774252717789289,0.2986484589039199
INST2,S3844,1674.9999999999964,0.9994033412887806,6.886140644305768,-0.0005553289359531303,198.03111511502684,1.5382103068313935,0.23877607845656226,44.29524385443719,0.5248878797388364,0.07996301670627473
INST2,S4504,1674.9999999999977,0.9994033412887815,7.040978626404127,-0.0005920680968527466,125.93053529733265,1.1425720045339611,0.29642634101659865,132.50956513475504,1.7432605221644804,0.2691903761280981
INST2,S4824,1675.0000000000039,0.9994033412887852,6.768637120279095,-0.0006664082107987745,-7.2643890171906165,0.9023881518668865,0.510432579145322,245.61419478135136,2.7618233034610427,0.2447162488845424
INST2,S4858,1675.000000000001,0.9994033412887834,7.078797465250758,-0.0005491479500977216,145.5605297019747,1.3093207362912807,0.28064051115906546,120.16431514606923,1.5058132653000622,0.1759052951226054
INST2,S4932,1674.9999999999995,0.9994033412887825,7.09671943572482,-0.0005182944134895731,139.02910129946167,1.2388881979560253,0.2607944985498401,115.00121470896046,1.449461192184969,0.185977665587918
INST2,S5257,1674.9999999999968,0.9994033412887809,7.009225579487813,-0.0005721465512488273,133.46322920995186,1.3858283869813421,0.372748298408751,141.21501271369465,1.7708816234493587,0.22734360896922487
INST2,S5268,1674.9999999999995,0.9994033412887825,7.027435946905518,-0.0006922659308628546,177.12416871611578,1.3061622959617025,0.19562704550136498,157.1819331177758,1.6307561612449581,0.07978478371031217
INST2,S5411,1674.9999999999984,0.9994033412887818,6.92429270888805,-0.0005438974841719347,15.606710619980962,1.0511619969013266,0.5286449883521858,198.35296410892903,2.213796982911317,0.19612487534117196
INST2,S5608,1674.9999999999989,0.9994033412887822,6.835800438887145,-0.0005359324812971901,209.88697685800346,1.6092693297544218,0.3062964397106731,25.279016709860446,0.34210462737595326,0.08418810438799759
INST2,S5656,1675.0000000000007,0.9994033412887833,6.927160034578349,-0.000315014628756878,61.46085368128439,1.2373578733743,0.596637571174854,53.09712197286063,0.6619252909536583,0.10021241212084556
INST2,S5682,1675.0000000000036,0.9994033412887849,6.939853517605921,-0.0005165890658811043,6.026584420775311,0.8560335727719812,0.4084026994254304,149.5441192983379,1.8518339125599348,0.22364892596443287
INST2,S5943,1675.0000000000016,0.9994033412887837,6.9626518121543945,-0.0005400365915265961,73.53434820280188,0.5501226106957933,0.09660128575993614,149.93459582956356,1.5841826433176671,0.07315352455695893
INST2,S6021,1675.000000000002,0.999403341288784,6.9987402497089635,-0.00040465532930534555,52.30790259822694,1.1966521479960033,0.5259849014720348,114.51910027541794,1.3461241160973294,0.1584500686059675
INST2,S6084,1674.9999999999975,0.9994033412887813,7.0783798946086645,-0.0005507597787450018,145.40675069302102,1.2912118875472585,0.26872242644211863,119.32422479555593,1.511585625706161,0.18263206145443206
INST2,S6448,1674.9999999999995,0.9994033412887825,7.0473890507442345,-0.0006326931294606287,189.62396647767224,1.4637963413126265,0.28759540646897475,114.34948133618747,1.6182407231037428,0.3160190603162253
INST2,S6826,1674.9999999999975,0.9994033412887813,7.051046282104842,-0.0005065154520942285,214.67923004915755,1.2601291449294167,0.13960739602390898,81.58780840621091,0.950390242230211,0.11122746417298254
INST2,S6865,1675.0000000000002,0.9994033412887829,6.928524831226067,-0.000538148270062706,11.234344557500467,1.034611287756529,0.5361208924405398,197.32102755309396,2.195907758956954,0.18865376765021116
INST2,S7164,1675.000000000001,0.9994033412887834,6.63837430566228,-0.0005651731378137875,-98.44886116799029,0.2989982889161103,0.4290328990378942,240.29448045601654,2.5165296825952486,0.09594393871866663
INST2,S7591,1675.0000000000005,0.999403341288783,7.053892722917214,-0.0005486253113116936,98.62818302004025,1.0095634613250217,0.2838337645922136,127.72306573186559,1.6993404550436568,0.2654775422910102
INST2,S7750,1674.9999999999968,0.9994033412887809,6.916333267419726,-0.0005793059113843722,125.43787827535057,1.2997118647381014,0.34956820043859893,123.67618439513872,1.5835127141051213,0.20516598697452723
INST2,S7816,1674.9999999999993,0.9994033412887824,6.912668949966753,-0.0006385219644554954,112.93688765965165,1.3470733765161185,0.4133933814142513,195.20237474489215,2.234021289916718,0.20144652287869125
INST2,S7851,1675.000000000001,0.9994033412887834,7.017840911764961,-0.0005504297924439215,137.65466002869218,1.4413150191989126,0.3884336145106013,129.9182022842489,1.6879377360003511,0.24297820497070383
INST2,S7949,1674.999999999999,0.9994033412887823,6.9060536601463856,-0.000572675609443167,38.23776650550556,1.0995968441588937,0.5076471470981616,197.54914626586972,2.2031939610199474,0.1932845259136449
INST2,S7973,1675.000000000004,0.9994033412887853,7.0449149633382,-0.0006059369881117633,141.3771277540404,1.1756751313833016,0.2823853005369779,131.3343930762343,1.7365541321978366,0.2725676735500967
INST2,S8162,1675.0000000000005,0.999403341288783,6.888253788600434,-0.0005399242722810642,195.2022718222385,1.5492428818861326,0.2621413352231511,39.617585868451705,0.47686398949855113,0.0771991463313179
INST2,S8624,1675.0000000000002,0.9994033412887829,7.045415343586842,-0.0005822811167949181,116.33626701593143,1.1417234442554818,0.28834291130982653,159.5520773183366,1.7294955485256063,0.1259429595275197
INST2,S8808,1675.0000000000016,0.9994033412887837,6.914113430701631,-0.0005480748352844971,15.699401661263195,1.0621616555358153,0.5384649322501481,202.45467828075516,2.2707020725935525,0.20883441462325186
INST2,S9010,1675.000000000001,0.9994033412887834,6.913666831709129,-0.0006444521455195711,114.94346752638305,1.374631927630312,0.4169271060934906,192.52898106813774,2.2188887557525794,0.21192645473716692
INST2,S9183,1674.9999999999993,0.9994033412887824,6.924680015543429,-0.0006383627988954973,116.94603045451287,1.3732051628123128,0.41431424373542947,190.38486785804528,2.1745304929405433,0.19876349295404672
INST2,S9231,1675.0000000000011,0.9994033412887835,6.996903716736387,-0.0004159004692267807,58.50785961860922,1.2119411266757123,0.5138108432830931,120.87810163614895,1.425419366769981,0.16893875625806135
INST2,S9830,1674.9999999999986,0.999403341288782,7.003659720855236,-0.0004008639619986093,44.67270349773234,1.144793404656537,0.5117475138056745,121.43522426163197,1.4184271220369593,0.16029545310758553
INST3,S1139,1674.999999999998,0.9994033412887816,7.004586156412206,-0.0005983093140961796,179.2158565503259,1.372227450892533,0.259579748900511,71.97328728149878,1.1715283634994,0.3089640898539555
INST3,S1239,1675.0,0.9994033412887828,7.021896028394547,-0.0005891620356813145,139.54295583587233,1.0981428875367334,0.2000943740640643,95.34471418977915,1.63040902417928,0.45661002163339803
INST3,S1444,1674.9999999999975,0.9994033412887813,6.965566837829522,-0.0006583682731781693,98.93948247806043,0.9536065368081831,0.24119673897691057,174.14973322105695,1.8901557703140621,0.12271395458889958
INST3,S1484,1674.9999999999995,0.9994033412887825,7.069796120250978,-0.0005619651512795375,104.8584778264571,0.9944212309360176,0.2400429954404131,143.4463965507063,1.5369390243822043,0.0978316248020972
INST3,S1498,1674.9999999999975,0.9994033412887813,6.993237917387566,-0.0006619570542049252,122.58154637804475,1.019085409486154,0.22022259575457748,166.8464679777275,1.8004106171563719,0.10871792427524872
INST3,S1603,1675.000000000001,0.9994033412887834,6.984550755891986,-0.0006713178641834485,126.50210589214913,1.0241153297004955,0.21651073542788501,167.73321460203874,1.8301984572031649,0.12424556393723583
INST3,S1809,1675.0000000000014,0.9994033412887836,7.096787175165645,-0.00048726907068276755,197.47335960491276,1.0918103207289795,0.08664834037549478,84.95372252547651,0.953995853894251,0.08339085810319602
INST3,S2136,1675.0000000000002,0.9994033412887829,6.9861233162108665,-0.00066820394558698,126.845762410988,1.0318193841320469,0.2176713135916181,166.6972964321552,1.8252800378309346,0.12683640410860833
INST3,S2580,1675.000000000001,0.9994033412887834,6.971974925207142,-0.0005067119036224082,52.81978974640616,0.45950769293367644,0.11348920932143443,133.94246219807422,1.4255456948172738,0.06795422294008249
INST3,S2718,1674.9999999999995,0.9994033412887825,6.940512995627087,-0.0005790032182996933,35.61141634071304,0.9753881569795746,0.4211618925030615,190.79422141924053,2.2472980900562667,0.22539211113049099
INST3,S2883,1674.9999999999977,0.9994033412887815,6.944629010893473,-0.0006351565401996863,81.39478299838152,1.0775508673160945,0.3392208568267862,183.3600497824203,1.9898301588815028,0.11963982769846225
INST3,S2979,1674.9999999999995,0.9994033412887825,7.06669077349069,-0.0005596441986336156,112.7479599858014,0.9314566361958435,0.20431701192347632,103.28387394013838,1.3076727432865214,0.1622332861679972
INST3,S3002,1674.9999999999993,0.9994033412887824,6.985643622071976,-0.0006600706117054553,116.26910699184596,1.0085281379706705,0.22690973686560786,168.34435158229869,1.8366410226092635,0.12379560644984969
INST3,S3042,1675.0000000000018,0.9994033412887839,6.886914418445143,-0.0008205424215898805,71.5325258311221,0.9161593766723207,0.3242957236273454,217.3023660936043,2.3081012060289954,0.0747388351366668
INST3,S3093,1674.9999999999993,0.9994033412887824,6.936547100646061,-0.0006207733796327448,62.24190660649113,1.0219461216015056,0.36306143460352214,188.70403725480838,2.0343114016581914,0.11461789034745236
INST3,S3278,1674.9999999999998,0.9994033412887827,6.984929020678738,-0.000656792884245505,112.44636687441192,0.978364433717726,0.22213804541262105,170.04444554688976,1.8332885439301545,0.10853926971615527
INST3,S3397,1675.0000000000002,0.9994033412887829,6.937261364818232,-0.0006140543686107571,57.81162923974076,1.0123475321859607,0.3648823521744199,188.53423413495506,2.0442867689714053,0.12194973948256226
INST3,S3491,1675.0000000000027,0.9994033412887845,7.050309909913754,-0.0005545939407196608,99.11290373104164,0.9598111309642839,0.21163443708230972,89.37476618097139,1.1670881116694736,0.18605509193530442
INST3,S3837,1674.9999999999995,0.9994033412887825,7.061493698717652,-0.0005812386303195163,134.1464799812206,1.1185054052491878,0.21784401188386437,92.20523719933418,1.209638708767869,0.19223825789937923
INST3,S3844,1674.9999999999977,0.9994033412887815,6.873968292253181,-0.0005783130719008382,172.9414712290328,1.49247749282186,0.2408850950190718,53.34658035984354,0.6174971748127548,0.07680348242716314
INST3,S4504,1674.9999999999975,0.9994033412887813,7.04838125339388,-0.000568302868474142,108.20049041584231,0.8880980579105066,0.18862133989976865,98.7671970053912,1.2514003774024467,0.16485627285741572
INST3,S4824,1675.0000000000039,0.9994033412887852,6.8013829594383335,-0.0006909581494239667,37.83354448389145,0.9238095208126679,0.4114214412073327,217.3288534641119,2.3759991695811626,0.16609221039380004
INST3,S4858,1675.000000000002,0.999403341288784,7.083171083578076,-0.0005134304565830351,72.87502851925105,0.7568291339921371,0.15533167104723938,122.3966703525525,1.394858278621932,0.10904800824684853
INST3,S4932,1675.0000000000007,0.9994033412887833,7.099033356469964,-0.0004906065285302173,80.72570716049798,0.8041086954364972,0.1680570031026897,118.25998514874874,1.3529813420572139,0.11576524173220845
INST3,S5257,1674.9999999999966,0.9994033412887808,7.028715927673828,-0.0005407970460561501,58.71705962031761,0.9518578341399473,0.3101011081980416,137.0534063630761,1.5449785368408548,0.1245891706401853
INST3,S5268,1674.999999999999,0.9994033412887823,7.059623356517898,-0.0006196401655027356,118.10055279503874,0.9709409368837846,0.16499733919488138,148.86275285812536,1.5333773680752805,0.05863572536249668
INST3,S5411,1675.0000000000043,0.9994033412887854,6.938444020185486,-0.0005550260729892091,13.336242145399074,0.9281560080700596,0.4643455391439536,184.2297476683277,1.984377841191541,0.12448706310042443
INST3,S5608,1675.0000000000018,0.9994033412887839,6.849077425291171,-0.0005494311264241515,191.7554048665662,1.5602473832810926,0.26399096405491873,34.95620397604702,0.4440195010414658,0.0830199356501828
INST3,S5656,1675.0000000000007,0.9994033412887833,6.970352508405996,-0.00032557199797235035,17.132467535551065,0.9845661341736389,0.5392421100853458,69.91629483927139,0.8099059443626953,0.0876681435927713
INST3,S5682,1675.0000000000027,0.9994033412887845,6.94711485403739,-0.000483528765750061,37.020633876693424,0.7301912507055451,0.2791516791761784,120.62091176693669,1.442562221831033,0.14475160960317596
INST3,S5943,1674.9999999999984,0.9994033412887818,6.976043108885637,-0.0005181842991984725,71.75965648221785,0.4970603701178359,0.09811510375092113,132.12516213874434,1.4059136171203495,0.06728236635710022
INST3,S6021,1674.9999999999989,0.9994033412887822,7.02238749531608,-0.0004130479442682097,34.278527909818806,1.035837027674484,0.4788477486745022,114.40711611833116,1.2890642775542962,0.1166442785182932
INST3,S6084,1675.0000000000007,0.9994033412887833,7.1000540493481274,-0.0004680232680900298,62.00994355763351,0.7058777594639186,0.1552824899237218,117.83222746721215,1.352186917799959,0.10990832407647073
INST3,S6448,1675.0000000000002,0.9994033412887829,7.056575958174206,-0.0005746145970422155,123.77226813443025,1.0767906370222877,0.21803558005138388,91.47763702245257,1.2274290605251958,0.20838753823198902
INST3,S6826,1674.9999999999986,0.999403341288782,7.030611551264524,-0.000526288164885588,189.16332190446315,1.1620480910682711,0.157479506904069,80.27513304855923,0.9255469988909466,0.10182196833379376
INST3,S6865,1675.0000000000045,0.9994033412887855,6.925521369023982,-0.0005716655075627583,6.3020840349103056,0.8965020101467955,0.4524660294328072,185.26032438473123,1.9940646628744563,0.12330856612169755
INST3,S7164,1674.9999999999966,0.9994033412887808,6.690355705312526,-0.0005872533938069541,-61.32697263375816,0.3016729004333371,0.3499645441753605,216.66565523740297,2.2154878226896417,0.04977204167588999
INST3,S7591,1675.0000000000034,0.9994033412887848,7.05482844135617,-0.0005850128433794561,123.16346005910904,1.0080760046038806,0.247210906669578,104.72044466991827,1.3548393760293675,0.18154019082527076
INST3,S7750,1674.9999999999982,0.9994033412887817,6.929496143540886,-0.0004892788608115058,21.585450806413657,0.6184592550789327,0.26326756710989746,124.07197290586234,1.4497172850079647,0.1318076149489809
INST3,S7816,1674.9999999999973,0.9994033412887812,6.95113945738381,-0.0006348713898614775,91.21223374580397,1.1219383892702333,0.3407542111703744,181.86485339066135,1.9784091829384305,0.11947728078243076
INST3,S7851,1675.0000000000002,0.9994033412887829,7.048899368643703,-0.00048143782279094977,6.644803520514619,0.7308411779171681,0.3211256528460086,143.8475635586626,1.6005099964445302,0.11468647279644179
INST3,S7949,1674.9999999999982,0.9994033412887817,6.924935305643257,-0.0005717143729609689,9.088202965475299,0.9078203934391387,0.45033013374337055,184.74167694206292,1.990090129525642,0.12594241375857254
INST3,S7973,1674.999999999998,0.9994033412887816,7.074942902208292,-0.0005635475510070204,121.37118847762417,0.9584415675365765,0.19983733438045234,102.00808285493007,1.3208808581713967,0.17801874890294053
INST3,S8162,1675.0000000000014,0.9994033412887836,6.859396021946528,-0.0005755054607964135,174.38378234619825,1.5170481913445808,0.2564463003324029,49.08735751995597,0.5728217112654708,0.07422968917488654
INST3,S8624,1675.0000000000018,0.9994033412887839,7.013231792890952,-0.0005674722310341812,54.91453737886052,0.7556942988841809,0.2236761600280047,155.91932371375694,1.6242219937982494,0.0662688879155221
INST3,S8808,1674.9999999999975,0.9994033412887813,6.940571632237829,-0.0005503499496416809,5.893273698450355,0.9202735410269177,0.47392292093538446,186.34357962999772,2.0128891565769975,0.13014617066062817
INST3,S9010,1675.0,0.9994033412887828,6.956920005764411,-0.0006082288761737961,65.68561357460385,1.0295922877298243,0.35554796032940567,181.65565390094358,1.9610261259946329,0.1142128485770685
INST3,S9183,1675.0000000000018,0.9994033412887839,6.9382348326376935,-0.0006170413819802302,64.98262023723107,1.0350227097752682,0.3597202542335669,187.8575801412679,2.0442103345563045,0.12259184677613819
INST3,S9231,1674.9999999999957,0.9994033412887803,7.033019022153847,-0.0003877690520909845,16.985641517729196,0.9494208223234533,0.45278024441788345,119.62182781774612,1.3426775855668376,0.1194059414234048
INST3,S9830,1674.9999999999986,0.999403341288782,7.015991064574946,-0.00042911959490208375,17.0992528292641,0.9596780029122379,0.45332764137308273,122.9381766114133,1.3543816874311965,0.10298516538901024
INST4,S1139,1675.000000000001,0.9994033412887834,6.946628970830865,-0.0006705970485785337,112.43863196143377,1.071662394287926,0.1868467256523625,110.4203903178005,1.6861196088006425,0.3761328602210651
INST4,S1239,1674.999999999997,0.999403341288781,6.927382694126285,-0.0006623003839218282,109.30241554656445,0.8702226161203223,0.1227728943805042,135.10408119718142,2.1712486845927845,0.5547642930111274
INST4,S1444,1674.9999999999993,0.9994033412887824,6.818882512360786,-0.0007069657411969961,37.991176310645365,0.788129005676021,0.2567599078238485,209.9399732391578,2.4588432123398904,0.16387667456369032
INST4,S1484,1675.0000000000023,0.9994033412887842,6.9075491977777,-0.0006585860132225912,66.71776793570756,0.93189998304338,0.25668380211192815,191.25973018826988,2.252809254333884,0.1628796007387031
INST4,S1498,1674.9999999999995,0.9994033412887825,6.804617121256308,-0.0006451112739331696,-35.42133431482088,0.3849209104222335,0.2172682233625363,213.74344585305528,2.389126094961697,0.13456873644051606
INST4,S1603,1675.0000000000027,0.9994033412887845,6.780120908624138,-0.0006384550073211385,-51.70464619527969,0.24489631522190194,0.20616114553592987,221.43946057457688,2.4491038262756133,0.1276413277248101
INST4,S1809,1675.0000000000025,0.9994033412887843,7.00697257800689,-0.0005709601549549992,235.8446345448281,1.5248946045126999,0.163395459978563,96.22494379782424,1.1928905440939086,0.08193925600925808
INST4,S2136,1675.0000000000036,0.9994033412887849,6.786823764924296,-0.0006688480224322623,-23.560135347153654,0.48806029579091764,0.2329823274118495,218.5965591290693,2.4125168477422596,0.13482457735748574
INST4,S2580,1674.9999999999995,0.9994033412887825,6.7084386423668345,-0.0005013285956562465,-65.33292953080428,-0.10594832383000655,0.08043211671768348,192.69336055492437,2.0907295826401024,0.0619881989202053
INST4,S2718,1675.000000000002,0.999403341288784,6.806501446499837,-0.0005030057608073015,-141.72920893193333,0.23091037310822704,0.3915816819332251,247.99406043468437,2.9264040004093292,0.2748621716266059
INST4,S2883,1675.000000000005,0.9994033412887858,6.773742729970546,-0.0006106365271975208,-59.63280673125851,0.5756886429218274,0.35959543020033896,240.5231539221702,2.770998843400966,0.1661157804924798
INST4,S2979,1674.999999999998,0.9994033412887816,6.892704281850741,-0.0005792879694029657,-42.13534784307962,0.19979843331311528,0.11835477300974971,159.2096261122649,1.955948365954169,0.18662113169293099
INST4,S3002,1674.999999999999,0.9994033412887823,6.792005578911723,-0.0006682442088612258,-17.415193398402696,0.44542875618100286,0.21446075950829868,218.42829958280498,2.464434715765463,0.13258956872278937
INST4,S3042,1674.9999999999993,0.9994033412887824,6.7357651048707545,-0.0005518606154842786,-184.15450556546404,-0.2124448988057582,0.3108434287679382,251.0950231595256,3.208113871788847,0.3112186480106198
INST4,S3093,1674.9999999999984,0.9994033412887818,6.824682483601287,-0.0006534988447029937,20.099270533602486,0.9634275748749459,0.38366192158616214,216.93899842144228,2.5818353338199573,0.1638705778066461
INST4,S3278,1674.9999999999957,0.9994033412887803,6.811395834481435,-0.0006849903639840683,11.95319629448364,0.6441980239129262,0.2402594801531847,212.7525753569601,2.4088576473764354,0.14865053539323025
INST4,S3397,1675.0000000000036,0.9994033412887849,6.8291121024640145,-0.0006641421092838873,37.22408840572737,1.0906524061647938,0.37925215864574696,217.74968159369246,2.5596441752789443,0.187547948089312
INST4,S3491,1675.000000000004,0.9994033412887853,7.009414927139326,-0.0006120408781319594,21.008322718910332,0.4390360102018659,0.11192493158265296,135.8769694533824,1.7129629548765672,0.20831200479655387
INST4,S3837,1674.9999999999993,0.9994033412887824,7.003841693617673,-0.000624744958544037,31.92654570130724,0.6457589999947091,0.15995069638044224,129.82173288302232,1.6822482505200518,0.23185867375475716
INST4,S3844,1674.9999999999973,0.9994033412887812,6.724873786128494,-0.0006674110273409041,212.62013426486092,1.5051905201611788,0.1731245400563232,69.69250570617098,0.791761820373517,0.07258367446380068
INST4,S4504,1675.0000000000043,0.9994033412887854,6.951060635430194,-0.0006419718313610425,50.51875784341833,0.7920134516912278,0.23041478682641353,150.70491700690218,1.907015655892008,0.23264246933160815
INST4,S4824,1674.9999999999977,0.9994033412887815,6.769501156348733,-0.0007090190077092004,-2.3424859474334756,0.9277918796250418,0.48782857783699946,253.16257819934026,3.002684476447548,0.25962531217822093
INST4,S4858,1675.0000000000016,0.9994033412887837,6.956190228674971,-0.0005939194169100989,16.09061234947197,0.5868922247785207,0.16884317371002255,178.17784854839806,2.1626243829198417,0.17564278002440015
INST4,S4932,1674.999999999999,0.9994033412887823,7.015615038233076,-0.0005572290380128004,48.07201371808075,0.8478634769345506,0.18686546964329415,153.100188029851,1.8752472318570896,0.17043088967388453
INST4,S5257,1674.9999999999989,0.9994033412887822,6.916857024891989,-0.0006057455656406096,34.28593711769654,0.948872832648185,0.27879751189656043,181.99405460831326,2.2092100120929237,0.2071516690627888
INST4,S5268,1674.9999999999989,0.9994033412887822,6.821554882311705,-0.000640378512258732,-39.0063301416994,0.21767693897891596,0.21134052009687487,211.28246425295126,2.249226836871794,0.06987657522886324
INST4,S5411,1674.9999999999975,0.9994033412887813,6.7927732230247155,-0.0005567805578075443,-79.47842124646724,0.6703989227031872,0.5174432753769883,227.98473768028444,2.60768463753282,0.17294144190329191
INST4,S5608,1674.999999999999,0.9994033412887823,6.556939650191593,-0.0006668768618039157,225.80012347529316,1.908742879051277,0.2840578340468533,38.87475861214033,0.4951691928396731,0.06666778749946314
INST4,S5656,1675.0000000000016,0.9994033412887837,6.906115061715693,-0.00032267418019983255,-57.691044100839335,0.8356393163040958,0.5567706024263657,97.56886240224978,1.1753043775327863,0.10716465383383095
INST4,S5682,1675.0000000000027,0.9994033412887845,6.8719782704801755,-0.000489167485554629,-115.19879998201418,0.29039636017103615,0.3372999537581407,182.14761609372766,2.206766794089835,0.19781179124138787
INST4,S5943,1674.9999999999989,0.9994033412887822,6.718676942052166,-0.000530381102284058,-43.763078923257844,-0.0906164543279723,0.05504463250772928,183.86561061417905,1.9774098768833475,0.06517146907578934
INST4,S6021,1675.0000000000007,0.9994033412887833,6.969526573064739,-0.00038614011977204947,-99.11269934356517,0.5432578066220888,0.4095460568296219,164.99698526010556,1.9234108645929884,0.12186248753182234
INST4,S6084,1675.0000000000027,0.9994033412887845,6.994728239330094,-0.000553716579189758,19.93470148341797,0.48386650670894893,0.14947880952167877,162.81823957168595,1.9792024733795857,0.1828278860222133
INST4,S6448,1675.0000000000023,0.9994033412887842,7.013731588649891,-0.0005581954400569202,-64.53648642159929,0.10998173435897778,0.19915438752421608,142.18175963933373,1.8130584583142173,0.22367475791037225
INST4,S6826,1674.999999999998,0.9994033412887816,6.924246639200668,-0.0006290229597658688,248.96590718319246,1.778412575052235,0.19011643879400109,92.8676198057114,1.0768400220254606,0.08173442953790572
INST4,S6865,1675.0000000000011,0.9994033412887835,6.816153749293338,-0.0005198501808584368,-108.51234314123873,0.6423644327660806,0.5325262294101034,230.11159736214978,2.7018472216190714,0.174449171225915
INST4,S7164,1674.9999999999955,0.9994033412887801,6.54807533305647,-0.0005235238975133254,-181.51244541743782,0.04828303892721397,0.4595577068678848,250.83122800932372,2.8209981890067235,0.12070655968023031
INST4,S7591,1674.9999999999968,0.9994033412887809,6.914760473204433,-0.0006500816178239707,33.51638465588583,0.7098828917680433,0.24810223831859163,159.7120171572257,1.9980816798459682,0.21508916050323013
INST4,S7750,1675.0000000000011,0.9994033412887835,6.832710200563221,-0.00047390599640308303,-142.98806582043207,-0.22381058057343436,0.24780338822829037,188.44923419938044,2.1951454699365756,0.1736664893035873
INST4,S7816,1675.0000000000005,0.999403341288783,6.787227217532459,-0.0006558002630322507,-11.592985020411758,0.8421666142461757,0.3659404432815604,234.61352448404386,2.71002687864184,0.16363448749343867
INST4,S7851,1675.0000000000007,0.9994033412887833,6.943610678023683,-0.0005437137852658866,-23.652031344720854,0.5723269415120866,0.25681402900023315,181.50856398543462,2.2747950660449154,0.19535582349987327
INST4,S7949,1674.9999999999993,0.9994033412887824,6.811579874502355,-0.0005675882448054259,-63.381565616656815,0.7533926611126889,0.5232143498971884,226.54870835418396,2.6200227782646737,0.1817494242839229
INST4,S7973,1675.0000000000011,0.9994033412887835,6.956572798010365,-0.0006447351128314148,62.08136879958351,0.9428785773539449,0.2376259770857122,144.3860235053817,1.8670759600525573,0.2233940898461582
INST4,S8162,1675.0000000000005,0.999403341288783,6.760745053231366,-0.0006430782434767008,219.54148360701376,1.5576742483716173,0.19863100119669638,58.12250588479218,0.7078698725824848,0.07602531709099672
INST4,S8624,1675.000000000005,0.9994033412887858,6.8682908677901,-0.0006529675902619162,43.29376772412003,0.8462182595044738,0.27068656645208805,196.11171852864976,2.199633789104019,0.10004783781817515
INST4,S8808,1675.0000000000005,0.999403341288783,6.78069406037075,-0.0005155509065528509,-125.8526858309613,0.5092950215031148,0.5098391385958811,236.9425786293815,2.7547402343494345,0.16564913491925684
INST4,S9010,1674.9999999999964,0.9994033412887806,6.829858714794337,-0.000618802189732074,-26.254864875774857,0.7128260641009779,0.3498827648334309,223.44373783591593,2.5016004860410983,0.16107421038529562
INST4,S9183,1675.0000000000018,0.9994033412887839,6.782001007857376,-0.0006005020081057045,-72.62271033174814,0.544470793540009,0.3686344414139459,238.14385484701452,2.708956499964668,0.16258941594160312
INST4,S9231,1675.0000000000025,0.9994033412887843,6.95390881412635,-0.0004630347897438053,-1.299227846937338,0.8113161301441807,0.3976113150013515,150.38181637632542,1.7899698727560174,0.14964023313390515
INST4,S9830,1674.999999999998,0.9994033412887816,6.958155181745264,-0.00043355906975855465,-39.692012053870634,0.9038306721254179,0.4578418022934852,162.5053065278343,1.897448562549197,0.1454235386475434
INST5,S1139,1674.9999999999957,0.9994033412887803,7.000579625619522,-0.0006432422794421899,194.2223262404257,1.4317838465961734,0.23382332469819556,77.634658504631,1.2388560551862526,0.307411010977664
INST5,S1239,1675.0000000000005,0.999403341288783,7.011547237755687,-0.0006374026978110651,159.03337779083213,1.2433146723375585,0.21826720656004264,105.24787658375443,1.7322509443258303,0.4526499617064808
INST5,S1444,1674.9999999999998,0.9994033412887827,6.91322205045314,-0.0007200550735536337,78.2536558503057,0.8167158772798647,0.20237795057718802,173.40746341606683,1.8829403055185734,0.11123293836175902
INST5,S1484,1675.0000000000014,0.9994033412887836,7.026988760998602,-0.000595951715459823,81.74657922392666,0.8781572520667239,0.2124869318216449,149.6949048169384,1.6355177913841166,0.11575174624162524
INST5,S1498,1674.999999999997,0.999403341288781,6.91447790849436,-0.0006916211933529247,57.0262334781032,0.7224110331097401,0.19916615612256575,173.5660948525916,1.8658144847345206,0.10241165072380379
INST5,S1603,1674.9999999999984,0.9994033412887818,6.911798415325344,-0.0007093457027752161,70.87267071920571,0.8001888073555442,0.21389560103850166,175.62564514469057,1.9191572729911526,0.1172677791431905
INST5,S1809,1675.0000000000007,0.9994033412887833,7.040876842901698,-0.0005609069675539009,213.79822783446775,1.2112058463733368,0.07975970319328402,90.13860053225044,1.0029244091181098,0.07064681255864784
INST5,S2136,1674.9999999999982,0.9994033412887817,6.940205921758795,-0.0007130208556726015,101.0152968517979,0.8909993249181155,0.19572048953530974,168.12043437484007,1.8343023072866613,0.12372248302391875
INST5,S2580,1675.0000000000011,0.9994033412887835,6.897192887680991,-0.0005654482449542281,54.451720774190974,0.38363830474588884,0.05304607688653264,140.54542674951688,1.5036978713682203,0.06631266027835962
INST5,S2718,1675.000000000001,0.9994033412887834,6.9376903481242715,-0.0005919057819170602,-16.37865449724233,0.7326690463973794,0.3867671393211706,186.83282271836055,2.2060911246578248,0.20959656070584015
INST5,S2883,1674.9999999999989,0.9994033412887822,6.94302360629198,-0.0006859229755330578,111.71767437212283,1.2149323798702871,0.31490249627630346,177.5011015640235,1.986743806131791,0.139948324250504
INST5,S2979,1675.0000000000034,0.9994033412887848,7.028667718085344,-0.0006205195665358157,110.14471913404381,0.9319528827628718,0.19021666071716087,107.80880603571438,1.3563545017867364,0.16591263495007297
INST5,S3002,1674.9999999999986,0.999403341288782,6.915828810480218,-0.0006997967468784183,65.89636180445696,0.7650201700666902,0.20328124984953688,174.1686873872933,1.884640918451701,0.11264525971909978
INST5,S3042,1674.9999999999982,0.9994033412887817,6.968245112651905,-0.00066753904070297,-129.9722283323784,0.08520582411454183,0.3236023295821762,198.38522660120185,2.032265363840476,0.06602995849198179
INST5,S3093,1675.0000000000016,0.9994033412887837,6.905019613168515,-0.0006664949335690096,45.39636079191865,0.9085065604724614,0.3172391044188701,186.60004375252325,2.049255039274188,0.12158923907881576
INST5,S3278,1675.0000000000018,0.9994033412887839,6.937068543466192,-0.0007291651499917576,106.255466043614,0.9343057414426874,0.2011223762767707,169.78310292907838,1.8512719319691096,0.11380273066290426
INST5,S3397,1674.9999999999982,0.9994033412887817,6.898665831338949,-0.0006746796983845828,48.90081427694621,0.9343027197174354,0.32180850394101407,189.15144393622205,2.0877991012331343,0.12917362845345878
INST5,S3491,1675.0000000000011,0.9994033412887835,7.0357728596914955,-0.0006470287840251513,124.68613225321953,1.0637842800555117,0.1795661442968416,101.91407580287076,1.3060500207013044,0.18537493726307172
INST5,S3837,1675.0000000000014,0.9994033412887836,7.040423197930014,-0.000644029899062685,130.24577296752196,1.0710753340590062,0.1778236114431262,99.79349573789773,1.2794439486325377,0.18629133445916782
INST5,S3844,1674.9999999999986,0.999403341288782,6.8139585042817306,-0.0006310640933430449,197.96782875642845,1.5251162229977684,0.22076194095373616,50.33715212577977,0.5957511365042347,0.08072756618434164
INST5,S4504,1675.0000000000014,0.9994033412887836,7.087149116826538,-0.0006193048401473851,166.4660500631032,1.1306220040696822,0.17445896432996322,103.67537218888882,1.3130516159148906,0.16964737897390403
INST5,S4824,1675.0000000000048,0.9994033412887857,6.829583958535761,-0.0007304520817826784,-8.462897811050144,0.7596952805637275,0.41111137699723976,223.628868164851,2.46802355347967,0.17461582449620972
INST5,S4858,1675.0000000000002,0.9994033412887829,7.112259636429048,-0.0005501862546631222,149.82523204897035,1.120508532602038,0.15502985293418398,102.94160550467808,1.2910659301522014,0.1422296347590071
INST5,S4932,1675.0000000000014,0.9994033412887836,7.092942848348445,-0.000528822097607912,98.17193052916679,0.9018905517381718,0.16333954505433484,116.14406938922764,1.3835016427393765,0.13929388302557905
INST5,S5257,1674.9999999999986,0.999403341288782,7.049218556327658,-0.0005869685762719216,148.7204420533231,1.300358012478535,0.27203369409776734,121.05530947223617,1.525299904769863,0.1882224354493722
INST5,S5268,1674.9999999999975,0.9994033412887813,7.021981494065557,-0.0006893109543155034,135.4066130658917,1.0481647502390812,0.15760639785430602,149.27246854363236,1.5411223251776656,0.06687781487943951
INST5,S5411,1674.9999999999982,0.9994033412887817,6.908698425737883,-0.0006032742055632833,-14.44933738330186,0.798648393401505,0.4305039326591669,186.9675314788564,2.025747131332833,0.13823887801474674
INST5,S5608,1675.0000000000014,0.9994033412887836,6.8113012500464425,-0.0006158471536886524,211.10296182481807,1.537951320708144,0.21746698171333315,43.11945950705677,0.5351480521690376,0.08578686377130318
INST5,S5656,1675.0000000000007,0.9994033412887833,6.932943951985154,-0.00041073316792647246,34.23639387782072,1.0559158113330673,0.4983212333324634,73.97744982465365,0.8857568470164365,0.10709347481335499
INST5,S5682,1674.9999999999986,0.999403341288782,6.879496783207632,-0.0005456755990419257,26.226216038142873,0.6845186736653828,0.24703961520665085,124.27326579258916,1.50170342132973,0.1583489814472003
INST5,S5943,1675.0000000000007,0.9994033412887833,6.821526821971087,-0.0005810175501507113,29.17765110662237,0.2799501544781313,0.058007550155237564,146.49813392444185,1.546243301874717,0.05655390835302335
INST5,S6021,1675.0000000000016,0.9994033412887837,6.984896992867309,-0.0004883197925511023,37.510755587093435,1.049298473289253,0.4360375202018833,117.64477780774817,1.3368441193508613,0.12816708603636567
INST5,S6084,1675.000000000001,0.9994033412887834,7.113750280656349,-0.0005457229073145763,142.1030559268675,1.0783982389130926,0.151520121321942,105.37421821087115,1.3061126233937923,0.14400929824222466
INST5,S6448,1675.000000000001,0.9994033412887834,7.038594137846771,-0.0006359431451055871,130.38031123467226,1.0977192240968214,0.1896020442429386,97.72847205294616,1.2775318276875705,0.200095534836647
INST5,S6826,1674.9999999999984,0.9994033412887818,6.981555045586264,-0.0005867374736106773,208.07068465121804,1.210707535561171,0.12571449229888165,87.0117555010011,0.9909598784309569,0.09620923917855112
INST5,S6865,1675.0000000000002,0.9994033412887829,6.906765811208388,-0.000641954796363715,51.52178256572534,1.0383240473849835,0.40573581485920146,179.61140023466206,2.0080260873606353,0.1683955197648145
INST5,S7164,1675.0000000000014,0.9994033412887836,6.674154184598443,-0.0006266674453780861,-87.13727617081149,0.22745794742504086,0.3495756976211361,213.98049913510616,2.203542308663177,0.05455654685556738
INST5,S7591,1674.9999999999986,0.999403341288782,7.083087957743804,-0.0006118188772419163,158.43053640606294,1.1591083628944427,0.20815675676210388,104.18440439795407,1.3637724779900213,0.1954644779501955
INST5,S7750,1675.0000000000007,0.9994033412887833,6.882965116705136,-0.0005208733006295246,3.14136111680103,0.5667386686591911,0.2499644460117395,125.85631882384637,1.514509778389679,0.1561703144907136
INST5,S7816,1674.9999999999995,0.9994033412887825,6.897679519886516,-0.0006743558835941367,54.32484606082683,0.952947563948698,0.3262275648903429,189.15832629436386,2.0874165353794067,0.12907163578991207
INST5,S7851,1675.0000000000007,0.9994033412887833,7.031507852011103,-0.0004917630099524556,45.954590653245766,0.7518480530674845,0.2105415403572638,117.22161778248983,1.4561888378955767,0.1693964909274032
INST5,S7949,1675.0000000000018,0.9994033412887839,6.9056108353991625,-0.0006127649116422005,-9.417229101218098,0.8364670569030523,0.43291384826047136,184.28726323928151,1.9994594309506577,0.12943103195085892
INST5,S7973,1675.0000000000023,0.9994033412887842,7.053074493900043,-0.0006196393948997088,131.25510774282563,1.0024468284198456,0.1814555476627055,107.0071877116621,1.3738295260691125,0.17865466152471254
INST5,S8162,1675.0000000000027,0.9994033412887845,6.82246864287459,-0.0006447682894948713,197.36021988945663,1.5420027816043322,0.20332124525635895,57.05449273315317,0.6599615045205897,0.0754816081790908
INST5,S8624,1675.0000000000007,0.9994033412887833,6.982166614816665,-0.0006097359280560421,51.179567506994744,0.7521049913563632,0.21676123693985266,160.43081593232608,1.7012673437633747,0.08478902038493986
INST5,S8808,1675.000000000001,0.9994033412887834,6.906194594597556,-0.0006067153421746382,-21.29895473304332,0.7656080259781981,0.4251385108806559,186.85130800736852,2.025330979551988,0.12591320543321918
INST5,S9010,1674.9999999999986,0.999403341288782,6.908235050309787,-0.0006600308469233286,42.58636711495758,0.9339936816354563,0.33731819652443185,186.9109855669744,2.057326688915242,0.12982977159490652
INST5,S9183,1675.0000000000018,0.9994033412887839,6.8976747830433105,-0.0006703695101521892,46.08590888856732,0.9261185958401608,0.326355004215605,189.23201177909567,2.092930611837591,0.12924195558447268
INST5,S9231,1675.0000000000011,0.9994033412887835,6.993906055723096,-0.0004868417485061154,11.926157733310639,0.9390336008241547,0.4301792179768657,130.3731934741277,1.4588105388602501,0.12441931652685671
INST5,S9830,1675.000000000002,0.999403341288784,6.985505661501225,-0.0004965986397864168,16.460898235745027,0.9338875750495809,0.4077950559735093,132.67851653562977,1.497982290823712,0.1353369924529968
